id,title,category,age,summary,link,date,Rating,
1,나비의 꿈,어린이 동화,전연령,(알애번성) 알-애벌래-번데기-성충(나비) 완전변태에서 꿈을 키우고 배운다,https://g.co/gemini/share/ad9fbb04a3a8,2025-08-10,1,
2,꿀벌들의 소중한 이야기,어린이 동화,전연령,"레이 아트 스타일로 친절한 일벌이 등장하여 벌들이 지구에 얼마나 도움이 
되는지, 그리고 서로 돕고 역할을 나누는 것이 얼마나 중요한지를 알려주는 이야기를 만들었습니다. 이 이야기는 아이들이 벌에 대한 두려움을 떨쳐내는 데 도움이 될 것입니다.",https://g.co/gemini/share/ba58e847739f,2025-08-12,1,
3,담쟁이 새싹이의 꿈,어린이 동화,전연령,아이비리그에 대한 열망과 도전을 담쟁이 덩굴에 비유하여 끈기와 지혜의 중요성을 강조하는 이야기,https://g.co/gemini/share/c57329f198df,2025-08-12,1,
4,밥의 힘,어린이 동화,전연령,할머니가 손주에게 우리나라 쌀의 유래를 들려주며 밥이 보약이고 힘이라는 것을 알려주는 스토리북,https://g.co/gemini/share/f05a47cd6d6a,2025-08-17,0,
5,비밀 연애의 정석,어린이 동화,전종운 작품,전학 온 미모의 여학생에게 사랑에 빠진 주인공이 아이돌 연습생인 여주와 알콩달콩 연애를 하는 내용입니다.,https://gemini.google.com/share/feda0462be3a,2025-01-01,0,
6,숲속 친구들의 특별한 잔치,어린이 동화,,"어린이들이 동물들의 특징을 재미있게 이해하고, 이를 통해 동물 비유를 
쉽게 파악할 수 있도록 돕는 스토리북",https://g.co/gemini/share/f75f00ba1278,2025-01-01,0,
7,식물처럼 특별한 사람들,어린이 동화,,다양한 사람 유형을 식물에 비유하여 설명하는 이야기책,https://g.co/gemini/share/b3400949d1b5,2025-01-01,0,
8,두리의 위대한 춤,어린이 동화,4세~8세,"공룡들이 짝을 지어 스텝 댄싱을 하고 물고기를 잡는 모험에 대한 
이야기를 만들었습니다. 이 이야기는 4세 독자를 대상으로 합니다.",https://g.co/gemini/share/93c54c77c770,2025-01-01,0,
9,간지나는 거시기,어린이 동화,전종운 작품,관심과 멋을 폭발시키는 간단한 방법,https://g.co/gemini/share/d180a13a449d,2025-01-01,0,
10,지금 이순간의 선물,어린이 동화,,"8세에서 12세 독자를 위해 지민이가 바쁜 일상 속에서 '마인드풀니스'를 
배우고 실천하며 평화와 행복을 찾아가는 이야기를 담은 동화책",https://g.co/gemini/share/bea38de3e3f7,2025-01-01,0,
11,"사념처 수행 : 
마음의 네 가지 돋보기 (The Four Magic Focus Glasses)",어린이 동화,어린이,"사념처 수행이라는 현재 집중 훈련 방법을 7-10세 아동이 이해하기 쉬운 친절하고
 쉬운 만화/동화 스타일의 15페이지 스토리북으로 만들어 주세요. 사념처는 몸, 느낌, 마음, 법 네 가지에 현재 집중 관찰하는 훈련이며, 이 훈련이 망상, 고민, 괴로운 생각으로부터 벗어나 몰입력을 높여준다는 내용을 담아야 합니다. 각 훈련 방법은 걷기 명상(듦감놈), 식사 집중(먹고-씹기30회-삼키고-꿀떡), 현재 작업 집중(시작-실천-변화), 현재의 변화 알아차리기 등을 포함해야 합니다."" 요청하신 대로 7세에서 10세 독자를 위한 '사념처 수행'에 관한 스토리북을 친절하고 쉬운 동화/만화 스타일로 작성했습니다. 이 이야기는 마음챙김의 네 가지 장소(몸, 느낌, 마음, 법)에 집중하는 훈련 방법을 통해 아이들이 고민이나 잡념에서 벗어나 현재에 몰입하는 힘을 기를 수 있도록 돕는 내용을 담고 있습니다",https://g.co/gemini/share/29e37f252c3e,2025-10-10,0,
12,말의 힘 실험(긍정과 부정),어린이 동화,전연령,"식물에게 긍정적인 말을 들려주면 잘 자라고, 심지어 진심이 담긴 긍정적인 말은 
성장 효과를 극대화한다는 과학적 실험 결과와, 긍정의 말이 우리 삶에 얼마나 중요한지를 재미있는 이야기로 담고 있습",https://gemini.google.com/share/c3e5068f3b38,2025-10-15,0,
13,만덕 할아버지의 세 가지 소원,어린이 동화,초등 이상,"가난한 약초꾼 할아버지가 요정을 만나 세 가지 소원을 얻는 이야기를 7세 독자들의 
눈높이에 맞추어 수채화풍 삽화와 배경 음악을 곁들여 완성",https://gemini.google.com/share/f5eca40cb9b5,2025-11-29,0,
14,"나무아미타불을 외쳤던 스님, 원효 대사",어린이 동화,초등생,"원효대사의 생애와 일화를 동자승과 고승의 대화체 형식으로 구성하여 8세에서 
10세 독자들이 읽을 수 있는 역사 교육적인 이야기",https://gemini.google.com/share/a67450f0db64,2025-11-29,0,
15,"마음의 모양, 동그라미 그리기",어린이 동화,10세이상,"복잡한 세상의 질문들을 '동그라미 그리기 놀이'를 통해 명쾌하게 풀어내는 수학자 
선생님의 지혜를 담은 이야기로, 약 10세 어린이의 눈높이에 맞춰 제작",https://gemini.google.com/share/1680904a8f64,2025-12-20,1,
16,인생이라는 멋진 여행,어린이 동화,10세이상,"인생이라는 초행길을 준비하는 10세 어린이를 위해, 부모님이 들려주는 나침반, 
지도, 돈의 지혜를 담은 따뜻한 수채화풍 이야기",https://gemini.google.com/share/12c88eea546f,2025-12-20,1,
17,"기억의 숲, 지혜의 집",,12세이상,"치매 인구 증가와 예산 부족으로 위기에 처한 돌봄 센터를 청소년들이 지혜의 
터전으로 바꾸며 할머니들과 교감하는 감동적인 이야기를 담았으며, 이 스토리북은 12세 이상의 청소년과 전 연령층",https://gemini.google.com/share/ac4f07471572,2025-12-28,0,
18,여덟 개의 그림 속 보물찾기: 팔상전 이야기,,12세이상,"사찰을 처음 방문하는 청소년들이 부처님의 생애를 담은 팔상도를 쉽고 재미있게 
이해할 수 있도록, 보살님과 함께 숨은 그림을 찾으며 8가지 장면을 탐험하는 이야기",https://gemini.google.com/share/eb3ab529a43a,2025-12-28,0,
19,보리와 쌀: 마음을 키우고 세상을 채우는 법,,13세이상,"보리가 깨달음이라면 쌀은 우리 삶을 지탱하는 양식이라는 재미있는 비유를 통해, 
어려운 불교의 가르침을 청소년들이 '멋진 어른이 되는 법'으로 쉽고 즐겁게 배울 수 있도록 구성",https://gemini.google.com/share/944b36a1aed9,2025-12-28,0,
20,"빛나는 계절의 끝에서, 우리",,성인,"2026년 새해를 앞두고 한 해 동안 고생하신 동료와 소중한 인연들에게 전하는 
따뜻한 감사와 용서, 그리고 새로운 희망의 메시지를 아름다운 수채화풍 삽화와 함께 성인 독자의 눈높이에 맞춰",https://gemini.google.com/share/971cea921a58,2025-12-28,0,
21,인공지능 그림자 속에 묻혀버린 빛,미래 대비 교육용,전연령,인공지능 그림자 속에 묻혀버린 빛'이라는 제목으로 인공지능 시대의 위험성을 경고,https://g.co/gemini/share/6117f88822d4,2025-08-12,1,
22,AI 시대의 기억력 마법사 우진이,미래 대비 교육용,,인공지능 시대에 변화된 학습 방법을 전수,https://g.co/gemini/share/b5327d020a17,2025-01-01,1,
23,불안이와 지혜 선생님,미래 대비 교육용,,"급변하는 인공지능 침투 사회 때문에 미래 사회 대비에 불안해하는 
'불안이'에게 깊은 통찰력으로 차분히 대응할 것을 주문하는 '지혜 선생님' 이야기",https://g.co/gemini/share/f117c320b406,2025-01-01,1,
24,지혜의 나침반,미래 대비 교육용,,인공지능 시대의 패러다임 변화와 미래 준비 방향에 대한 내용,https://g.co/gemini/share/ecef19d72ccf,2025-01-01,1,
25,수민의 도자기 화랑,미래 대비 교육용,전연령,대학 졸업후 창업까지,https://g.co/gemini/share/a8c3167a7bb7,2025-08-10,1,
26,대운의 나무 망치,미래 대비 교육용,전연령,"대운의 애니 회사 창업 스토리 가상으로, (인생 망치, 지식 망치 참고)",https://g.co/gemini/share/95184df02b01,2025-08-11,1,
27,나래의 서울 취업 성공기,미래 대비 교육용,전연령,"서울 취업을 결심하는 단계부터 취업에 성공할 때까지의 과정을 7단계로 
나누어 제시하며, 독자가 취업 성공을 위한 구체적인 목표를 세우고 철저히 준비할 수 있도록 돕습니다.",https://g.co/gemini/share/f04d5128f3a1,2025-08-13,1,
28,하새땅씨: 평화로운 조직을 위한 리더십 이야기,미래 대비 교육용,전연령,"다양한 리더 스타일을 네부류""하새땅씨""로 묶어 보니 이세상은 다양한 
리더가 함께하게 되고 가정이 가장 적은 단위이고 그리고 회사와 국가 등이 있는데, 여기서 네 부류는 하늘 땅 새 씨 같은 사람들",https://g.co/gemini/share/21c7c02a8c78,2025-08-12,0,
29,조화로운 세상: 하새땅씨 이야기,미래 대비 교육용,전연령,"다양한 리더 스타일을 ""하새땅씨"" 네 부류(하늘 같은 사람, 땅 같은 사람, 
새와 같은 사람, 씨앗 같은 사람)로 묶어 직장 생활에서 알게 된 내용을 바탕으로, 가정을 만들거나 직장 조직을 구성할 때 다양성, 형평성, 공평성을 일깨워 평화로운 조직 생활을 전하는 스토리북을 신입 직원을 위한 교육용",https://g.co/gemini/share/a92b528235d1,2025-08-14,0,
30,하새땅씨 회사의 비밀,미래 대비 교육용,,"하새땅씨 리더십 유형과 조직 관리 방법을 다룬 스토리북을 만들었습니다. 
이 스토리북은 조직원들이 리더의 스타일을 이해하고 조화롭게 일하는 데 도움이 될","https://g.co/gemini/share/020f27d3e9eb
https://g.co/gemini/share/5b27e09c19c9",2025-01-01,1,
31,마음의 정원지기,미래 대비 교육용,전연령,"충조평판 금지, 좋은 뜻도 화내는 경우 지혜롭게 사는법",https://g.co/gemini/share/1fe997e76492,2025-08-10,1,
32,어머니의 기도와 뇌 과학 이야기,미래 대비 교육용,,"어머니의 기도와 현대 과학이 밝혀낸 인간의 본성이 일치한다는 내용을 
뇌인지과학자와 어머니의 대담 형식으로 풀어낸 이야기입니다. 이 이야기는 인간의 기본적인 생존 본능인 2A 본성(접근/회피, Approach/Avoidance)과 행동 조절 본능인 2P 본성(강화/예방, Promotion/Prevention)을 쉽게 설명하며, 모든 연령대의 독자들이 이해할 수 있도록 구성",https://g.co/gemini/share/6bc4653c2d07,2025-01-01,1,
33,단군 할아버지가 가르쳐준 육아보금 - 단동십훈 이야기,미래 대비 교육용,,"단군 할아버지가 가르쳐준 육아보금 - 단동 10훈을 통해 아기의 인지 발달과 
운동 기능, 뇌신경 발달을 돕는 과학적인 놀이들을 배우는 이야기",https://g.co/gemini/share/634a942f81a9,2025-01-01,0,
34,스프링처럼 튀어 오르는 새롬이 - 회복 탄력성,미래 대비 교육용,,"마음챙김 과정을 통해 회복 탄력성을 배우고 실천하는 내용 . 
이 이야기는 시련과 고난을 이겨내는 긍정적인 힘과 희망을 강조하며, 독자들에게 자기 효능감을 통해 ""나는 할 수 있다""는 메시지를 전달",https://g.co/gemini/share/706c52fc390e,2025-01-01,0,
35,하나와 지혜의 정원 - 칠불교 육불합,미래 대비 교육용,,"아시아 최고 부자가 가르쳐 주는 지혜, 칠불교-육불합 스토리에 대한 그림책을 
업데이트했습니다. 13페이지에는 칠불교와 육불합에서 배운 것을 바탕으로 가정화목, 인간미, 동정심, 긍정적, 감사, 은혜 보답, 원칙, 사명감, 이타행, 보시, 지계, 인욕, 자기계발 정진, 선정, 지혜를 갖춘 친구들과 함께 하겠다는 결론",https://g.co/gemini/share/14f56fe86e62,2025-01-01,0,
36,허산골의 그림자,미래 대비 교육용,,"우울증 환자를 위한 공포 극복 스토리북을 만들었습니다. 이 이야기는
 허산골에서 길을 잃고 공포에 사로잡혔던 나무꾼이 성인이 되어 공포를 극복하고 하늘을 보며 안정감을 찾는 과정을 담고 있습니다.",https://g.co/gemini/share/601072e7a20e,2025-01-01,0,
37,식물의 지혜를 배우다,미래 대비 교육용,,"식물로부터 삶의 지혜를 배우고, 식물의 잎 돌려나기에 숨겨진 피보나치 
수열과 황금비율에 대한 놀라운 비밀을 알고 점차 더 놀라운 식물들의 전략을 배운다",https://g.co/gemini/share/ee4b318ec239,2025-01-01,0,
38,"자연의 눈, 미래의 기술 (Nature's Eyes, Future's Technology)",미래 대비 교육용,,"""자연의 눈, 미래의 기술""이라는 제목의 스토리북을 만들었습니다. 
이 스토리북은 잠자리와 거미의 놀라운 눈을 통해 자연에서 영감을 얻은 기술 혁신에 대한 이야기",https://g.co/gemini/share/d4f70aaa8679,2025-01-01,0,
39,산삼 찾아 삼만리,미래 대비 교육용,,"청소년을 위한 '산삼찾아 삼만리' 스토리북을 만들었습니다. 이 이야기는 
산삼을 찾아 나선 주인공이 여러 어려움을 겪고 마침내 산삼을 발견하며 8단계 스토리 서클 이론을 깨닫는 과정을 담고 있습니다.","https://g.co/gemini/share/103189b225c4
https://g.co/gemini/share/92003f745aa5
https://g.co/gemini/share/fed1a37bf825",2025-01-01,0,
40,밥상 위의 지혜,미래 대비 교육용,,식탁 예절을 통해 삶의 태도를 배우는 내용의 스토리북,https://g.co/gemini/share/35041e2c010e,2025-01-01,0,
41,생명의 춤: 아름다운 공존 이야기,미래 대비 교육용,전연령,"식물과 동물, 미생물의 공생 관계와 자연 보호의 중요성을 다룬 이야기가 
완성되었습니다. 이 이야기는 모든 연령대의 독자를 대상으로 합니다.",https://g.co/gemini/share/86a85831c8be,2025-01-01,0,
42,낯설게 보기 훈련,미래 대비 교육용,,"뇌과학자가 강조하는 '낯설게 보기'에 대한 이야기를 저학년을 위한 이야기책으로
 만들었습니다. 이 이야기는 낯선 경험이 뇌 발달과 기억력 향상에 어떻게 도움이 되는지 알려줍니다.",https://g.co/gemini/share/02be8bbf621d,2025-01-01,0,
43,인공지능 시대에 살아남는 법,미래 대비 교육용,,"AI 시대에 천연지능으로 살아남는 방법에 대한 스토리북을 만들었습니다. 
이 스토리북은 AI의 발전과 그에 따른 직업적 위협에 대한 우려를 다루고 있으며, AI 시대에 인간이 갖춰야 할 네 가지 소양에 대해 이야기",https://g.co/gemini/share/e4a310b718bf,2025-01-01,0,
44,나노바나나와 새로운 모험 파티,미래 대비 교육용,,"중요한 생성형 AI의 등장으로 직업적 변화를 겪는 사람들의 이야기를 담은 
스토리북을 만들었습니다. 이 책은 성인을 대상으로 하며, 기존의 기술이 잊히고 새로운 동료들과 낯선 모험을 떠나는 서사적 판타지 탐구 형식으로 구성",https://g.co/gemini/share/b1a32df4a944,2025-01-01,0,
45,은하 탐험가 소윤의 우주 대모험,미래 대비 교육용,,"아이의 그림을 기반으로 한 '은하 탐험가 소윤의 우주 대모험' 스토리를 
만들었습니다. 이 이야기는 4세 독자를 대상으로 하며, 용기와 지혜를 배우는 소윤이의 모험을 담고 있습니다. 제공된 그림 파일이 이야기 내용에 100% 반영되지 않았을 수 있습니다.",https://g.co/gemini/share/dfa2aa865aba,2025-01-01,0,
46,마법의 픽셀 캔버스,미래 대비 교육용,전연령,"픽셀 아트로 캔버스 위에서 이미지 편집 방법을 배우는 이야기를 담은 
스토리북을 만들었습니다. 이 스토리북은 모든 연령대의 독자를 대상으로 합니다.",https://g.co/gemini/share/91dfb5c75995,2025-01-01,0,
47,쓱쓱 그리는 마법 붓,미래 대비 교육용,전연령,"코믹 아트 스타일로 캔버스 위에서 다양한 이미지 편집 방법을 보여주는 
이야기를 만들었습니다. 이 이야기의 예상 독자 연령은 정해지지 않았습니다.",https://g.co/gemini/share/1d0eb4e556ad,2025-01-01,0,
48,"태도, 가장 강력한 힘",미래 대비 교육용,성인,"인공지능 시대에 살아남는 태도에 대한 스토리북을 만들었습니다. 
이 이야기의 대상 독자는 성인",https://g.co/gemini/share/15c960e31f7c,2025-09-19,0,
49,골목길의 그림자,미래 대비 교육용,성인,"그것이 알고싶다'를 즐겨보는 20대 여성을 주인공으로 한 이야기책을 만들었습니다. 이 이야기책은 성인 독자를 대상으로 하며, 흥미로운 미스터리를 담고 있습니다.",https://g.co/gemini/share/63a7a0fc8cf4,2025-09-25,0,
50,비움의 깨달음,미래 대비 교육용,성인," 이 이야기는 삼촌이 도사를 만나 비움의 미덕을 깨닫는 과정을 담고 있으며, 성인 독자를 대상으로 합니다.",https://g.co/gemini/share/60ed8d4d246e,2025-09-25,0,
51,세월어 서고에서 뇌색남의 길을 묻다,미래 대비 교육용,성인,"성인 독자를 위한 스토리북으로, '뇌색남이 되는 길'이라는 주제 아래 
발달심리학에 따른 생애 주기별 두뇌 발달의 황금기와 훈련법을 담았습니다. 두뇌 개발에도 때와 시기가 중요하며 이를 미리 알고 대비하는 것이 미래에 큰 도움이 될 것이라는 내용을 중심으로 구성",https://g.co/gemini/share/7bc7fb0b5e29,2025-01-01,0,
52,좋은 밥 짓기의 비밀,미래 대비 교육용,어린이,"밥 짓기와 자녀 교육의 유사성을 클레이 아트 스타일의 그림체로 설명
비유 1: 물 = 부모님의 사랑
비유 2: 불 = 부모님의 가치관과 마음가짐
비유 3: 쌀 = 자녀의 고유한 기질과 재능
자녀의 잠재력과 재능을 있는 그대로 받아들이고 존중하며 격려해야 합니다. 
부족함만 보지 말고 타고난 재능을 이해하고 지지해야 아이들이 훌륭하게 자라납니다",https://gemini.google.com/share/8a37acff8a1b,2025-01-07,1,
53,리더의 밥상: 결정과 실행의 비법,미래 대비 교육용,성인,"성공적인 의사결정과 실행의 중요성을 밥 짓는 과정에 비유하여 조직 리더와 
관리자 교육을 위해 만들었으며, 대상 독자 연령은 성인입니다. 이 이야기는 의사결정의 결실을 맺기 위해 필요한 경험, 단계적 접근, 자원 투입, 그리고 지속성의 중요성을 강조합니다.",https://gemini.google.com/share/c626beb56a14,2025-01-07,1,
54,"우주의 동반자, 싱크 (Synk, The Companion from Space)",미래 대비 교육용,전연령,""" 우주 클라우드 데이터 센터에 나의 분신을 생성하여 평생 동반자로 삼는 
미래 기술의 동작 원리와 이용 방법을 다룬 공상 과학 모험 이야기를 만들었습니다. 이 이야기의 대상 독자 연령은 명시되지 않아 성인 독자를 위한 흥미로운 설정으로 제작",https://gemini.google.com/share/0dc37be23ebc,2025-11-16,0,
55,식물 박사님과의 첫 만남 (The First Meeting with the Botanist),미래 대비 교육용,전연령,"식물도감책을 집필하는 식물박사님을 인터뷰하는 storybook을 만들어줘. 
식물하면 떠오르는 것은 움직이지 못하고 고정된 풀이나 나무를 떠올리지만, 박사님이 바라보는 식물은 어떠한지 궁금",https://gemini.google.com/share/4bfd63b4b168,2025-11-16,0,
56,생각의 색깔 치료 수업,미래 대비 교육용,청소년 이상,"청소년을 위한 이야기책을 만들었습니다. 이 책은 이원론적인 사고의 위험성과, 
세상을 흑백이 아닌 다양한 색으로 보는 유연한 세계관을 갖추도록 돕는 뇌공학자의 특별 수업에 관한 내용",https://gemini.google.com/share/e7d075adfc41,2025-11-29,0,
57,"나 자신의 첫번째 후원자는 바로 나 자신이다 
vlog (이시언-이상화-시각화-언어화)",미래 대비 교육용,전연령,"10세 이상 독자들을 위한 이야기로, 개인주의 시대에 자신을 응원하는 '이-시-언' 
긍정 확언 방법을 Vlog 형식으로 공유하는 '나 자신의 첫번째 후원자는 바로 나 자신이다: 긍정 확언 Vlog'를 완성",https://gemini.google.com/share/ea7eb95c6338,2025-11-29,1,
58,원효 대사의 분석 틀: 세상을 보는 과학자의 새로운 눈,미래 대비 교육용,전연령,"8-10세 독자를 위한 이 이야기는 고대 승려 원효 대사의 통찰이 현대 과학자에게 
새로운 분석 도구를 제공하는 내용",https://gemini.google.com/share/435a66d6a164,2025-11-29,1,
59,즌 대랄의 멜로디 (The Melody of Jeun Daeral),미래 대비 교육용,청소년 이상,"청소년 독자를 위한 '정읍사'와 '망부석'에 대한 스토리북을 스케치풍으로 구성해 
보았습니다. 고대 언어 학자가 현대 음악 전공자에게 노래 속 아내의 간절한 마음을 설명하며 현대적 재해석을 요청하는 내용",https://gemini.google.com/share/0308f958c1bd,2025-11-29,1,
60,발명의 씨앗을 심는 습관,미래 대비 교육용,청소년 이상,"청소년 독자들을 대상으로 발명의 과정과 습관을 가르치는 '발명 습관 들이기' 
스토리북을 만들었습니다. 이 책은 발명 교실 수업 형태로 구성되어 있으며, 주변의 불편함을 인식하는 것부터 아이디어를 메모하고 발전시키는 과정",https://gemini.google.com/share/7a4fcd487145,2025-12-05,1,
61,불편을 찾는 발명 감지기,미래 대비 교육용,청소년 이상,초등학생 이상을 독자로 염두에 두고 '불편은 발명의 첫 단추'라는 주제로 만든 스토리북,https://gemini.google.com/share/289951b2da4a,2025-12-05,1,
62,숨결의 최고 경지 (The Highest Stage of the,미래 대비 교육용,청소년 이상,"청년 시절 도사님이 깨달은 깊은 호흡 명상법과 사선정 훈련에 대한 비법을, 
수채화풍의 삽화와 함께 도사님과 제자들의 대화체로 구성한 스토리북",https://gemini.google.com/share/979c29f6b6d4,2025-12-05,1,
63,생각 근육 튼튼! 잡생각은 싹!,미래 대비 교육용,청소년 이상,'생각 근육 만들기 및 잡생각 내려놓기 훈련'에 대한 이야기책,https://gemini.google.com/share/0d0743ad8bb5,2025-12-05,0,
64,AI 질문 근육을 키워요!,미래 대비 교육용,청소년 이상,"AI 시대에 질문을 잘하는 법, 즉 '질문 근육 키우기'에 대한 내용을 담임 선생님이 
친절하게 설명해 주는 이야기",https://gemini.google.com/share/3c95f7fa3a69,2025-12-05,0,
65,나날이 새로운 나 (A New Me Every Day),미래 대비 교육용,청소년 이상,아침에 일찍 일어나는 것과 매일 새롭게 다짐하는 것의 중요성을 담은 이야기,https://gemini.google.com/share/9bc9245adf59,2025-12-05,1,
66,"유비무환, 지혜로운 미래를 위하여 (Yubimuhan, For a Wise Future)",미래 대비 교육용,청소년 이상,"유비무환'의 정신을 바탕으로 이순신, 이율곡 등 역사적 인물들의 지혜를 조명하고, 
무분별한 AI 기술 도입이 초래할 수 있는 위험을 현인들의 대화를 통해 미리 논의하는 내용",https://gemini.google.com/share/156546b5f030,2025-12-05,0,
67,"유비무환, 지혜로운 미래를 위하여 (Yubimuhan, For a Wise Future)",미래 대비 교육용,청소년 이상,유비무환2,https://gemini.google.com/share/e9b6644ec040,2025-12-05,1,
68,"유비무환, 지혜로운 미래를 위하여 (Yubimuhan, For a Wise Future)",미래 대비 교육용,청소년 이상,유비무환3,https://gemini.google.com/share/bd1b4d7e0e1f,2025-12-05,0,
69,까시나 명상: 마음의 거울,미래 대비 교육용,청소년 이상,"까시나 명상법에 대한 스토리북을 작성했습니다. 이 이야기는 명상 지도사와
 제자들의 대화로 구성되어 있으며, 명상을 통해 정신 집중을 얻는 방법",https://gemini.google.com/share/bb2bacacd8ba,2025-12-12,1,
70,인공지능 시대의 등대 아래 대화- 곰이야-천동설이야,미래 대비 교육용,청소년 이상,"코페르니쿠스 시대의 천동설과 지동설 논쟁을 AI의 학습 방식에 비유하여, AI의 
한계와 미래 발전 단계를 대화 형식으로 풀어낸 이야기입니다. 독자 연령은 주제의 복잡성을 고려하여 10대 이상으로 설정",https://gemini.google.com/share/5275d938d642,2025-12-12,0,
71,두 엔진의 비밀: 인지공학자가 들려주는 길항작용 이야기,미래 대비 교육용,청소년 이상,"길항작용의 원리를 쉽게 이해할 수 있도록, 우리 몸의 균형을 유지하는 
'휴식 엔진'과 '주의집중 엔진'의 상반된 협력 관계를 중심으로 스토리를 구성",https://gemini.google.com/share/35c7ce9985d7,2025-12-12,1,
72,"거미, 놀고 먹는 잔혹한 천재 포식자",미래 대비 교육용,청소년 이상,"거미 생태 특별활동을 통해 거미에 대한 기초 지식을 배우고 거미의 습성을 
인간과 비교하며 생태학적 통찰을 얻는 내용",https://gemini.google.com/share/3e658af92a69,2025-12-12,0,
73,불타는 집과 하얀 수레: 삼계화택 비유 이야기,미래 대비 교육용,10세 이상,"10세 이상 독자를 위해 법화경의 삼계화택 비유를 바탕으로 한, 번뇌의 불타는 
집에서 벗어나는 방법에 대한 이야기를 작성했습니다. 이 이야기는 중생의 고통과 깨달음의 길을 설명",https://gemini.google.com/share/4263782096f4,2025-12-12,0,
74,마음 그릇 키우기 (Enlarging the Mind Vessel),미래 대비 교육용,10세 이상,"뇌공학자와 스님의 대화를 담은 이 이야기는 타고난 재능과 후천적인 노력이 
우리의 삶에 미치는 영향을 탐구하며, 10세 독자가 읽기에 적합",https://gemini.google.com/share/bb4ca524a08c,2025-12-12,1,
75,고요함을 준비하는 세 걸음 (The Three Steps to Prepare Calmness),미래 대비 교육용,14세이상,"계정혜 삼학'을 실천하기 전 '3점차'를 닦아야 하는 내용을 담은, 14세 독자를 
대상으로 한 스토리북을 만들었습니다. 청소년과 수련 지도사의 대화 형식으로 구성되어 있으며, 고요한 마음(선정)을 얻기 위한 준비 과정이 상세히 담겨",https://gemini.google.com/share/1a1dcdd97eb5,2025-12-12,1,
76,마음의 아홉 물결,미래 대비 교육용,10세이상,"10세 이상 독자를 위한 이 이야기는 수련 선생님이 수련생에게 탐진치 삼독을 
제거하고 번뇌 망상을 다스리는 정화 훈련법을 가르치는 과정",https://gemini.google.com/share/cd137ee114e8,2025-12-12,1,
77,마음에 새기는 세 가지 방법,미래 대비 교육용,11세이상,"12세 독자를 위한 이 이야기는 명상 지도사와 수련생들의 대화를 통해 사람들이 
상처와 분노를 다루는 방식에 따라 '돌', '흙', '물' 세 가지 유형으로 나뉨을 설명",https://gemini.google.com/share/16998d206e58,2025-12-12,0,
78,"2026년, AI와 함께 자라는 베타 세대",미래 대비 교육용,12세이상,"15세 청소년을 대상으로 2026년 AI 기술 동향을 크리스마스 축제에서 재미있는 
대화체로 소개하는 이야기",https://gemini.google.com/share/ccf8db9fe1c9,2025-12-12,0,
79,"과거의 메아리, 미래의 나침반",미래 대비 교육용,13세이상,"온고지신'의 지혜를 빅데이터 예측 기술과 결합하여 미래의 불확실성에 대비하는 
내용을 담은 10세 이상 독자를 위한 스토리북을 만들었습니다. 이 책은 미래학자와 빅데이터 전문가의 대화 형식으로 구성되어 기후 변화, 역병, 전쟁과 같은 위기가 과거의 패턴을 따르며 예측 가능하다는 메시지를 전달",https://gemini.google.com/share/a423434f4f2a,2025-12-20,0,
80,찰나와 영겁의 대화: 양자와 마음,미래 대비 교육용,청소년,"양자 역학의 심오한 원리와 2,500년 넘는 역사를 지닌 불교의 지혜가 만나는 
특별한 대담을 담은 스토리북을 제작하였습니다. 현대 물리학자, 불교 포교사, 그리고 영화 평론가가 나누는 흥미진진한 대화를 통해 입자와 파동의 이중성부터 아뢰야식에 이르는 우주의 비밀을 성인 및 청소년 독자의 눈높이에 맞춰 스케치 풍",https://gemini.google.com/share/6a2c7af004ca,2025-12-20,0,
81,침묵으로 지은 집,미래 대비 교육용,청소년,"장자의 '불언즉제' 사상과 현대의 기업 협상 사례를 통해 침묵의 가치와 비유의 
힘을 깨닫게 해주는 스승과 제자의 대화를 담았으며, 성인 및 청소년을 대상으로 한 우화",https://gemini.google.com/share/0f5fc41406c6,2025-12-20,1,
82,마음의 나침반: 태도의 재발견,미래 대비 교육용,청소년,"AI 시대를 준비하는 20대 이상의 신입 팀원들을 위해, 태도(態)의 진정한 의미와 
긍정적인 마음가짐이 가지는 힘을 담은 교육용 스토리북을 제작",https://gemini.google.com/share/e1bae2378e69,2025-12-27,1,
83,"체정혜(體精慧): 몸과 마음, 그리고 지혜의 꽃을 피우는 길",미래 대비 교육용,청소년,"도사님이 청소년들에게 신체(體), 정신(精), 지혜(慧)의 균형 잡힌 성장을 가르치고, 
아이들이 녹색 가로등 아이디어를 제안하며 함께 성장하는 과정을 담은 청소년 대상",https://gemini.google.com/share/1d498580639d,2025-12-27,1,
84,빛의 계단을 오르는 아이: 선재의 화엄 여행,미래 대비 교육용,청소년,부처님께서 지상과 천상을 오가며 아홉 번의 법회를 통해 깨달음의 단계를 전하시는 과정을 10세 어린이의 눈높이에 맞춰,https://gemini.google.com/share/36e2235324ce,2025-12-27,0,
85,걸림돌이 디딤돌이 될 때: 보왕삼매의 길,미래 대비 교육용,전연령,"스님과 제자의 대화를 통해 보왕삼매론의 열 가지 가르침을 되새기며, 삶의 
역경이 곧 우리를 성장시키는 진정한 통로임을 깨달아가는 과정을 담은 전 연령층(특히 성인)을 위한 스토리북을 제작",https://gemini.google.com/share/4eb4d09fbaaf,2025-12-27,1,
86,마음의 숲을 걷는 대화: 다섯 가지 독에서 벗어나는 길,미래 대비 교육용,청소년,"큰스님과 방문객의 대화를 통해 마음의 다섯 가지 독소인 탐욕, 분노, 무지, 오만, 
의심을 이해하고, 이를 지혜롭게 다스리는 구체적인 수행 비법을 담은 이야기를 성인과 청소년의 눈높이에 맞춰",https://gemini.google.com/share/634c5b6418f5,2025-12-27,1,
87,지능의 정원: 내버려 둠과 궁리의 조화,,청소년,"인공지능과 자연지능의 차이를 동양 철학과 근대 과학, 그리고 언어학적 관점에서 
깊이 있게 다룬 스토리북을 제작했습니다. 자연의 섭리인 '내비둬(Let It Be)'의 지혜와 인간의 궁리가 담긴 '궁즉변'의 원리를 통해 두 지능이 어떻게 조화를 이루는지 보여주는 이 이야기는 12세 이상의 청소년",https://gemini.google.com/share/0bc4d02c6dac,2025-12-27,0,
88,지후의 달리기 모험 (달리기 습관들이기 8주),자기계발,전연령,달리기를 싫어하는 아이가 8주 동안 달리는 습관을 기르는 과정,"https://g.co/gemini/share/ef3a62790121
https://g.co/gemini/share/195f63f902dc",2025-08-11,1,
89,다은이의 특별한 하루,자기계발,전연령,색다른 하루를 보내는 이야기,https://g.co/gemini/share/50f749260354,2025-08-15,1,
90,"내 삶의 주인공, 소라",자기계발,,"암환주인, 주인공으로 살아남는 삶의 지혜를 가르치는 이야기",https://g.co/gemini/share/d3dc9733898d,2025-01-01,1,
91,아리의 밝은 습관 이야기,자기계발,,남을 탓하는 습관을 고치고 밝게 사는 습관을 만드는 방법,https://g.co/gemini/share/53993b00ad33,2025-01-01,1,
92,삼업이 보장하는 꿈같은 사회,자기계발,전연령,"3업은, 치어업, 벨유업, 레벨업을 의미하고, 신나고, 가치있고, 향상하고",https://g.co/gemini/share/cd01c8546a32,2025-08-15,1,
93,아가잘있나의 마법,자기계발,전연령,"사회생활을 잘하기 위한 ""아가잘있나"" 원칙을 통해 도시 사람과 시골 
사람이 친해지고, 시골 사람이 도시 직장에 잘 적응하는 과정을 담은 이야기",https://g.co/gemini/share/fc5512beab97,2025-08-14,1,
94,하라의 마법,자기계발,,"하라 마라의 법칙'에 대한 이야기책을 만들었습니다. 뇌과학과 심리학을 전공한 
학생이 부모님께 긍정적인 요청이 주는 심리적 이점에 대해 설명하며, 앞으로 '하라'는 긍정적인 표현만 사용해달라고 당부하는 내용",https://g.co/gemini/share/5f6a06ca3055,2025-01-01,1,
95,솔이 찾은 삶의 지혜,자기계발,전연령,"""일이삼사오""를 통해 삶의 지혜를 배우고 실천하는 내용의 이야기","https://g.co/gemini/share/d10e3648c70a
https://g.co/gemini/share/646f9a44fdd7",2025-08-15,1,
96,"감사의 빛, 반성의 길",자기계발,전연령,감사와 회개(悔改)),https://g.co/gemini/share/d55fdf767378,2025-08-10,1,
97,아람이와 희생 이야기,자기계발,전연령,"""희생""이라는 단어의 어원과 그 의미의 변화를 탐구하고, 개인의 선택을 
존중하며 부당한 희생을 강요하지 않는 것이 중요하다는 메시지",https://g.co/gemini/share/98c7dc2b09a6,2025-08-15,1,
98,마음의 그림자를 지우는 다섯 가지 지혜,자기계발,불교인,스승이 제자들에게 원한을 제거하는 다섯 가지 비법을 가르치는 내용,https://g.co/gemini/share/644eedfecc0a,2025-08-10,1,
99,마구니의 꿈,자기계발,불교인,"도고마성, 마구니에 걸려들지 말라",https://g.co/gemini/share/9ec11fa9096d,2025-08-10,1,
100,알 수 없는 것을 마주하는 지혜,자기계발,전연령,"알 수 없음을 받아들임, 치매, 뇌졸중, 뇌경색 등을 예방하는 데 도움은 약 잘먹고 운동",https://g.co/gemini/share/b5d037ee929f,2025-08-15,1,
101,새롬이의 마법의 정원,자기계발,전연령,성공하는 한국 사람들의 8가지 특질_끼_꿈_깡_끈_꾀_꾼_꼴_끝,https://g.co/gemini/share/bc4e2beff02b,2025-08-15,1,
102,지혜의 씨앗,자기계발,,"생활하면서 새겨볼 문장들 _뿌리깊은, 샘이 깊은, 높이 날으는, ",https://g.co/gemini/share/3ba5851a8722,2025-01-01,1,
103,마음의 덫에서 벗어나는 길,자기계발,심신미약자,"현재 트라우마로 힘든 삶을 사는 이들을 위한 인지행동치유 전문 조련사의 명확한
 지침 이론을 배우고, 삶의 덫에 갇혀있는 자신을 바라보고, 그 고통에서 벗어나려는 훈련을 반복하는 4단계를 완성하여 불안 장애, 공황장애, 우울증에서 벗어나도록 돕는 지침","https://g.co/gemini/share/b4a7a021bc98
https://g.co/gemini/share/472e08f83f89",2025-08-24,1,
104,마음을 다스리는 숨결 (4-7-8호흡법),자기계발,,"횡격막과 복식호흡을 활용하여 긴장을 완화하고 심신을 안정시키는 
4-7-8 호흡법을 배우고 훈련하는 과정을 담은 스토리북",https://g.co/gemini/share/f3f841e35228,2025-08-24,1,
105,마음의 먹구름을 걷어내는 8주간의 여행,자기계발,,"4세 아동을 위한 이야기책을 만들었어요. 이 책은 인지행동치료(CBT)를 통해 
부정적인 생각을 긍정적인 생각으로 바꾸는 과정을 다루고 있으며, 환자를 안심시키고 행동 치료에 동참하도록 동기를 부여하는 내용
★참고용으로만 사용하시기 바랍니다. 의학적인 자문이나 진단이 필요한 경우 전문가에게 문의하세요.","https://g.co/gemini/share/c8e5e9f7cc04
https://g.co/gemini/share/2d4c0fe4b055",2025-08-25,1,
106,"아람의 평온을 찾는 지혜 
(Aram's Wisdom for Finding Peace)",자기계발,,스승님의 가르침을 담아 사람을 세 부류로 나누어 평온을 찾는 지혜로운 삶,https://g.co/gemini/share/22d26965c81f,2025-08-26,1,
107,지혜의 기도,자기계발,,"""노력하면 되는 것과 노력해도 안 되는 것""에 대한 지혜를 배우는 두 학생",https://g.co/gemini/share/d9a4c92c6abe,2025-08-26,1,
108,현명한 이해타산의 지혜,자기계발,,"스승과 제자가 이해타산을 주제로 대화하며 가족, 친구, 조직에서 현명하게 
살아가는 법을 배우고 실천",https://g.co/gemini/share/9ea837d96a17,2025-08-26,1,
109,지혜로운 친구 사귀기,자기계발,,"화내는 것을 보고 친구를 유지할지 말지 바로 알아보는 지혜에 대한 이야기를 
썼습니다. 화내는 사람을 ""돌흙물"" 세 부류로 나누어 설명하며, 어린이들이 친구를 사귀고 화내는 친구에게 현명하게 조언할 수 있도록 돕는 이야기",https://g.co/gemini/share/2e854a3017cd,2025-01-01,1,
110,슬기의 현명한 친구들,자기계발,,사람들을 알아차리고 친구를 선택하는 기준에 대한 이야기,https://g.co/gemini/share/ccc4567fa6c5,2025-01-01,1,
111,여덟 가지 바람과 솔이의 마음,자기계발,,"선가귀감의 핵심을 바탕으로 현명한 사람의 처신에 대한 이야기를 담은 
스토리북을 만들었습니다. 이 책은 가족과 친지들에게 세상의 여덟 가지 바람에 흔들리지 않고 당당하게 살아가는 지혜를 전달",https://g.co/gemini/share/ffaa94452e96,2025-01-01,1,
112,새롬이의 8주 습관 여정,자기계발,성인,"성인을 위한 '좋은 습관 만들기 8주 훈련' 스토리를 만들었습니다. 
이 스토리는 습관 형성의 이론부터 실제 적용, 그리고 주변 사람들에게 좋은 습관을 전파하는 행복한 과정",https://g.co/gemini/share/65fb5b5f47ec,2025-01-01,1,
113,현자 선생님의 가르침,자기계발,성인,"때를 가려서 사람도 가려서 가르침을 베풀라'는 주제로, 가장 가까운 사이여도 
가르침을 베풀기 어려운 16가지 상황에 대한 지혜를 담은 이야기책을 만들었습니다. 이 이야기책은 독자가 가르침을 받아들일 준비가 되어 있지 않을 때 침묵하거나 다음 기회로 미루는 것이 현명하다는 내용을 담고 있습니다.",https://g.co/gemini/share/2d3ea87b17ad,2025-09-13,1,
114,자랑하면 안 되는 다섯 가지,자기계발,성인,"자랑하지 않는 삶'에 대한 스토리를 썼습니다. ""돈, 건강, 자식, 무용담, 인맥"" 에 대하여 ,  이 이야기는 성인 독자를 대상으로 하며, 겸손의 중요성과 자랑이 가져올 수 있는 부정적인 결과에 대해 다룹니다.",https://g.co/gemini/share/a7de530aae6d,2025-09-19,1,
115,The Garden of Root Meanings,자기계발,성인,"이 책은 전인신 사고의 개념을 설명하고, '자'와 '성'이라는 글자를 통해 
그 원리를 보여주며, 독자들이 이 작업에 동참하도록 유도하는 내용으로 구성되어 있으며, 성인 독자를 대상으로 합니다.",https://g.co/gemini/share/0f6fad860bdc,2025-09-21,1,
116,이근 원통,자기계발,전연령,"500년 전통의 최고 경지에 도전하는 비법 전수, 이근원통이라는
 스토리북을 만들었습니다. 이 책은 귀를 통해 깨달음을 얻는 한 제자의 이야기를 담고 있으며, 모든 연령대의 독자에게 적합합니다.",https://g.co/gemini/share/21c663309bb2,2025-09-21,1,
117,어느 곳에서든 주인이 되라,자기계발,성인,"수처작주'의 의미와 성공을 위한 다섯 가지 도움에 대한 이야기를 담은 
스토리북을 만들었습니다. 이 책은 성인을 대상",https://g.co/gemini/share/82d5261c503a,2025-09-21,1,
118,다섯 가지 도움의 길,자기계발,성인,"부자가 되는 다섯 가지 지름길에 대한 이야기를 담은 스토리북을 만들었습니다. 
이 스토리북은 성인을 대상",https://g.co/gemini/share/08c8a216cc3a,2025-09-21,1,
119,소를 찾는 것과 같은 명상 수련 과정,자기계발,성인,"심우도 개작 - 명상 과정을 소를 찾는 것에 비유한 이야기를 만들었습니다. 
이 이야기는 성인 독자를 대상",https://g.co/gemini/share/3063456e818a,2025-09-21,1,
120,"깨달음의 길, 되돌아가지 않는 여행",자기계발,성인,"믿음이 없는 사람이나 깨달음에 의심을 품는 사람들을 위해 부처님의 깨달음 
과정을 쉽게 소개하는 이야기를 만들었습니다. 이 이야기는 독자가 깨달음의 진정한 의미를 스스로 이해하고 믿음의 뿌리를 내릴 수 있도록 돕는 것을 목표로 하며, 특별히 정해진 독자 연령은 없습니다.",https://g.co/gemini/share/32bd9ce314a5,2025-01-01,1,
121,지혜의 방주,자기계발,전연령,"인공지능 시대에 교육이 나아가야 할 방향을 노아의 방주 이야기에 비유하여, 
미래 세대에게 필요한 가치와 기술을 전달하는 내용의 스토리북을 만들었습니다. 이 스토리북은 모든 연령대의 독자를 대상",https://g.co/gemini/share/17cdc88bf1b9,2025-01-01,1,
122,미래를 위한 교실,자기계발,성인,"미래 교육의 방향을 진단하고 미래 교육 방식을 제시(SAD-MAD-BAD를 버리고 SES를 키우자)하는 내용으로 스토리북을 
만들었습니다. 이 스토리북은 성인 독자를 대상",https://g.co/gemini/share/9ad8f9a256bb,2025-01-01,1,
123,The Birds of Pride (교만의 비유 여덟마리 새),자기계발,청소년,"교만에 대한 이야기를 새에 비유하여 청소년들을 위한 스토리북을 만들었습니다. 
즐겁게 읽으시길 바랍니다!",https://g.co/gemini/share/275882996a09,2025-01-01,1,
124,마음 소방관 하늘과 지우의 이야기,자기계발,전연령,"인지 소방관이 불행을 막는다는 이야기를 바탕으로 7가지 생각 습관을 다룬 
이야기를 만들었습니다. 이 이야기는 모든 연령대의 독자를 대상",https://g.co/gemini/share/3c3a4f47c492,2025-01-01,1,
125,번뇌를 멈추는 비법 (The Secret to Stopping Suffering),자기계발,성인,"번뇌에서 벗어나기 위해 생각을 멈추는 비법을 찾아 헤매는 한 사람의 
이야기를 담은 스토리북을 만들었습니다. 이 이야기는 성인을 위한 것",https://g.co/gemini/share/527f8e47f3ff,2025-01-01,1,
126,시간의 태엽을 감는 예지자 (The Seer Who Winds the Spring of Time),자기계발,전연령," '자기계발에 관심 있는 청소년'으로 가정하여 구성된, 예지력 훈련 비법을 
전수하는 4차원 주인공에 대한 이야기를 만들었습니다.",https://g.co/gemini/share/5c66d3873839,2025-01-01,1,
127,10년의 약속: 예지력 훈련일지,자기계발,성인,"성인 독자를 대상으로, 평범한 회사원이 예지력을 개발하는 과정을 담은
 이야기책",https://g.co/gemini/share/105e6ba3d048,2025-01-01,1,
128,행복은 동사다 (Happiness is a Verb),자기계발,성인,"주인공 지호가 돈, 명예 같은 외적인 조건이 아닌 '몰입', '성취', '관계'에서 오는 
진정한 행복의 의미를 발견하는 여정을 담은 스토리북이 성인 독자분들을 위해 완성",https://g.co/gemini/share/d25f11e25ef8,2025-01-01,1,
129,A Journey in Search of Happiness,자기계발,전연령,"쉬운 영어로 모든 연령대가 읽을 수 있도록 각색된 '행복을 찾아서: 이야기책'을 
만들었습니다. 이 이야기는 주인공 종호가 돈, 명성, 소유물(명사)에서 벗어나 몰입, 기대, 흥분(동사)과 같은 감정에서 진정한 행복을 발견하는 여정을 다룹니다. 이야기의 독자를 전체 연령으로 설정하고, 쉬운 읽기 수준으로 작성",https://g.co/gemini/share/ed36a7b47b1e,2025-10-11,1,
130,행복을 진단하고 행복한 삶을 채워가는 지혜의 책,자기계발,초등이상,"주인공 종호가 '행복'의 참된 의미를 명사가 아닌 '동사(몰입, 기다림, 설렘)'에서 
찾는 여정을 담은 스토리북을 만들었습니다. 이 책은 모든 연령을 위한 지혜로운 자기계발 동화로, 초등 고학년 이상의 독서 수준에 맞추어져 있습니다.",https://g.co/gemini/share/3e4bafe863bf,2025-10-11,1,
131,장자의 흐름을 경영하라: 미래 테크의 통찰,자기계발,성인,"장자의 변화 인식 철학을 현대 경영 현장과 에너지 문제, 바이러스 관리와 같은 
다양한 사례에 적용하여 기업의 비전과 가치를 공유하고 창조성을 극대화하는 조직문화를 구축하는 데 도움을 주는 내용을 담은 스토리북을 만들었습니다. 독자는 성인으로 가정하고 기업 환경에서의 적용 가능성을 강조",https://g.co/gemini/share/65ec862a4c09,2025-10-11,1,
132,장자의 나비 꿈: 변화를 인식하는 지혜,자기계발,10세 이상,"장자의 변화 인식 철학을 현대 경영 현장에 적용하는 내용을 담은 스토리북을 
10세 이상 독자분들을 위해 비즈니스 우화 스타일로",https://g.co/gemini/share/b7518e877680,2025-10-11,1,
133,비움의 지도 - 탐진치 끊어내기,자기계발,일반인 독자,"탐진치를 무탐무진무치로 바꾸는 지혜'를 주제로, 다람쥐 우화와 일상 속 
관찰을 통해 욕심, 분노, 어리석음을 되돌아보는 이야기를 성인 독서 수준의 스토리북으로 제작(스케치 풍)","https://g.co/gemini/share/4ddf49a7860c
https://g.co/gemini/share/56759b125324",2025-10-11,1,
134,탐진치에서 무탐무진무치의 바꾸는 지혜,자기계발,일반인 독자,"탐진치를 무탐무진무치로 바꾸는 지혜'를 주제로, 다람쥐 우화와 일상 속 
관찰을 통해 욕심, 분노, 어리석음을 되돌아보는 이야기를 성인 독서 수준의 스토리북으로 제작(스케치 풍)",https://g.co/gemini/share/af0bc78973e5,2025-10-11,1,
135,"탐진치에서 무탐무진무치로 (From Greed, Anger, Delusion to Non-Greed, Non-Anger, Wisdom)",자기계발,일반인 독자,"탐진치를 무탐무진무치로 바꾸는 지혜'를 주제로, 다람쥐 우화와 일상 속 
관찰을 통해 욕심, 분노, 어리석음을 되돌아보는 이야기를 성인 독서 수준의 스토리북으로 제작(스케치 풍)",https://g.co/gemini/share/75297f216ab9,2025-10-11,1,
136,사념처 수행,자기계발,,마음 챙김 사념처 수행,https://g.co/gemini/share/c6432d2516dc,2025-10-11,1,
137,현재라는 이름의 닻: 사념처 수행,자기계발,,"이 책은 '마음챙김(mindfulness)'의 네 가지 핵심 훈련인 몸, 느낌, 마음, 법에 대한 
집중 관찰 방법을 상세히 다루고 있으며, 성인 독자 수준에 맞춰 현재 집중 훈련의 이점과 몰입의 효과를 설명하고 있습니다.",https://g.co/gemini/share/8bfd375e98cb,2025-10-11,1,
138,주의력이라는 힘 (The Power of Attention),자기계발,,"사념처 수행을 주제로 한 성인 독자를 위한 15페이지 분량의 스토리북을 
스케치풍으로 완성했습니다. 이 이야기는 주인공이 명상 센터 지도사를 만나 몸, 느낌, 마음, 법에 대한 네 가지 집중 훈련을 받고, 이 훈련을 통해 고통과 걱정에서 해방되고 몰입력을 높이는 과정을 다루며, 지도사는 실천의 중요성을 강조",https://g.co/gemini/share/250cfb479d87,2025-10-11,1,
139,주의력이라는 힘2 (The Power of Attention),자기계발,,"수채화풍으로 스토리북을 성공적으로 업데이트했습니다. 이 이야기는 사념처 수행의 네 가지 훈련(몸, 느낌, 마음, 법)을 다루며, 성인 독자를 위한 내용과 읽기 수준을 그대로 유지했습니다. 새로운 수채화 삽화가 훈련의 본질을 더 부드럽고 명상적인 느낌으로 전달",https://g.co/gemini/share/0eb54802a8d4,2025-10-11,1,
140,주의력의 네 가지 성소: 아라의 몰입 훈련(long Version),자기계발,,"스토리북의 내용을 요청하신 대로 두 배(24페이지)로 확장하고, 사념처 수행의 
네 가지 훈련에 대한 설명과 예시를 깊이 있게 추가하여 업데이트했습니다. 이 심화된 대화형 스토리는 여전히 성인 독자를 위한 내용과 읽기 수준에 맞춰져 있으며, 수채화풍 삽화와 대화형 스타일을 유지하고 있습니다.",https://g.co/gemini/share/806ceb627b0a,2025-10-11,1,
141,활인신방(도인체조) 개인,자기계발,,"활인신방(도인체조)을 주제로 몸의 경직을 풀고 생기를 불어넣는 이야기를 전 
연령이 즐길 수 있도록 수채화풍 삽화와 함께 15페이지 분량으로 제작했습니다. 이 책은 어린이를 포함한 모든 연령이 따라 할 수 있는 쉬운 독해 수준으로, 머리 자극부터 발끝 돌리기까지의 순서로 구성되어 건강한 생활 습관을 장려",https://g.co/gemini/share/8489ffd0b509,2025-10-11,1,
142,활인신방(도인체조2) 단체,자기계발,,"얼굴 경직, 주먹 굳음 등 긴장된 몸을 풀어주는 활인신방 동작들을 공원에서 다 
같이 음악에 맞춰 ""하나, 둘, 셋!"" 구령과 함께 하는 내용으로 이야기를 전 연령이 즐길 수 있는 쉬운 독해 수준에 맞춰 수정",https://g.co/gemini/share/1210abb4179b,2025-10-11,1,
143,바꿀 수 있는 것과 바꿀 수 없는 것의 지혜,자기계발,청년 이상,"상담을 통해 고통에서 벗어나려는 청년의 이야기를 복숭아나무 비유를 
중심으로 담아낸 이 스토리북은 청년 독자를 위한 것","https://gemini.google.com/share/e10951ac9614
https://gemini.google.com/share/944bfc494a51",2025-10-15,1,
144,바른 생각의 정원 (The Garden of Right Thought),자기계발,성인,"청년 민수가 마음속 고통에서 벗어나기 위해 지혜로운 선생님을 찾아가 
마음의 정원을 가꾸는 법을 배우는 이야기입니다. 이 이야기는 성인 독자를 대상",https://gemini.google.com/share/10d7ab5cd34f,2025-01-01,1,
145,질문하는 사람이 살아남는다,자기계발,전연령,"AI 딥 씽킹 방식에 미리 대비하고 인간과 AI가 공존하는 미래를 준비하는 
'질문 훈련' 수업에 대한 내용",https://gemini.google.com/share/e3c59fc23659,2025-10-15,1,
146,목표가 주는 마법의 힘 (The Magical Power of Goals/Objective),자기계발,성인,"5개씩 작은 목표를 세워보고 적어 보는 연습을 한다.

하고 싶은 일 (긍정 문장 예시) 나는 [구체적인 행동: 책 읽기, 운동하기, 
외국어 배우기 등]을 통해 꾸준히 자기 계발을 실천합니다. 나는 [구체적인 성과: 책 1권 출판하기, 마라톤 완주하기, 새로운 기술 습득하기 등]을 달성하며 성취감을 느낍니다. 나는 [구체적인 경험: 세계 여행, 봉사 활동, 창업하기 등]을 통해 넓은 시야와 경험을 쌓습니다. 나는 사랑하는 사람들과 함께 즐거운 추억을 많이 만듭니다. 나는 내가 좋아하는 분야의 프로젝트에 적극적으로 참여하여 기여",https://gemini.google.com/share/18f7d8185c38,2025-10-15,1,
147,뇌를 되살리는 마법의 여정: 8가지 습관을 고치는 이야기,자기계발,청소년이상,"주인공 '지우'가 '뇌의 수호자'를 만나 8가지 나쁜 습관을 고치고 뇌 건강을 되찾는
 여정을 다룬 청소년 필독 스토리북을 만들어 드렸습니다.",https://gemini.google.com/share/6c2759752057,2025-10-16,1,
148,보이지 않는 지혜의 확신에 대하여,자기계발,성인용,"보이지 않는 실체의 지혜 발견'에 대한 스토리북은 대학생 이상의 독자층을 
대상으로 제작되었으며, 보고도 모르는 비현상계에 대한 확신을 심어주는 철학적 토론의 내용을 담고 있습니다",https://gemini.google.com/share/f6026f6ab7c0,2025-10-19,1,
149,보이지 않는 비밀의 대모험2: 지혜의 신비로운 탐험,자기계발,초등 이상,"주인공 지혜가 세 철학자 친구들과 함께 보이지 않는 세계의 과학적, 철학적 
비밀을 탐험하는 흥미진진한 이야기(초등학생 이상 대상)를 만들었습니다! 신나는 모험을 즐겁게 읽어주세요!",https://gemini.google.com/share/2d262fc568f6,2025-10-19,1,
150,보이지 않는 비밀의 대모험3: 지혜의 신비로운 탐험,자기계발,초등 이상,"세 철학자는 캐릭터처럼 개성 있게 묘사: 동양 철학자 할아버지는 현명한 마법사 스타일, 서양 철학자 아저씨는 과학자 탐험가, 불교 철학자 이모는 신비로운 요정처럼. 스케치 풍은 연필 드로잉에 색연필 터치로 생동감 있게, 동작과 표정이 과장되게 표현했어요. 이야기는 탐험처럼 흘러가며, 각 페이지에 작은 퀴즈나 놀라움 요소를 추가",https://gemini.google.com/share/d1b051a51bff,2025-10-19,1,
151,듀얼 브레인: AI 시대의 사고 동반자,자기계발,초등이상,"청소년 독자층을 위한 AI 시대 생존 전략에 대한 이야기책을 만들었습니다. 
이 책은 AI 시대에 우리가 어떻게 사고하고 협력하며 생존 전략을 세울 수 있는지에 대한 내용을 담고 있습니다.",https://gemini.google.com/share/92f4962f21ba,2025-10-19,1,
152,불편을 찾는 발명 감지기,자기계발,초등이상,초등학생 이상을 독자로 염두에 두고 '불편은 발명의 첫 단추'라는 주제로 만든 스토리북,https://gemini.google.com/share/c05f76723f33,2025-10-19,1,
153,AI 시대를 항해하는 지도,자기계발,성인,"AI 시대에 AI를 '제대로 알고 사용하는 법'을 대화 형식으로 전수하고 지도하는 
내용을 담은 성인 독자 대상의 스토리북을 만들었습니다.",https://gemini.google.com/share/ab49726a1625,2025-11-01,0,
154,"최초의 빛, 최선단의 별",자기계발,전연령,"""세계최초냐 세계최선단이냐""는 같은 말인가 다른 말인가? 우리나라에서는
 세계최고를 자랑하는 것이 매우 많다. 반면  미국은 세계 최선단을 좋아한다.",https://gemini.google.com/share/e9a8cc2ddef0,2025-11-01,0,
155,두뇌회담 (B-R-A-I-N): 나를 바꾸는 5단계 훈련,자기계발,전연령,"만 13세 중학생을 대상으로, 외부 자극에 대한 자동 반응을 멈추고 감정을 
다스리는 '두뇌회담(B-R-A-I-N)' 5단계 훈련 과정을 그린 수채화풍의 대화체 스토리북",https://gemini.google.com/share/84df04d1b42b,2025-11-01,1,
156,가장 쉬운 잣대,자기계발,전연령,"선악을 판단하는 쉽고 강력한 두 가지 잣대, 즉 '있어야 할 것이 있는가'와
 '없어야 할 것이 있는가'를 할아버지와 손녀의 대화로 풀어낸 이야기입니다. 이 이야기는 특정 타겟 독자 연령이 지정되지 않았으므로 보편적인 독자를 염두에 두고 작성",https://gemini.google.com/share/7e7412fe3172,2025-11-01,0,
157,"두 마디의 평화 (네 알겠습니다, 죄송합니다!)",자기계발,전연령,"온 가족이 공감할 수 있는 세대 갈등 해소 이야기를 만들었습니다. 
이 이야기는 시골에 계신 어머니와 아들의 관계 회복 과정을 다루며, 모든 전 연령 독자들에게 전하고 싶은 지혜를 담고 있습니다.",https://gemini.google.com/share/e127bca5cbf4,2025-11-01,1,
158,별에서 온 침묵의 교훈,자기계발,성인,"겸손과 공동체 중심의 가치를 담은 얀테의 법칙에 대한 이야기를, 외계 선각자가 
전하는 시네마틱 스타일의 스토리북으로 만들었습니다. 이 이야기는 탐욕과 과욕에 경종을 울리는 메시지를 담고 있으며",https://gemini.google.com/share/8e240b3ce492,2025-11-07,1,
159,열 개의 메아리 (The Ten Echoes),자기계발,성인,"얀테의 법칙(Jante Law)인 겸손, 절제, 균형 있는 삶을 위한 스토리북을 만들어 주세요.
 얀테의 법칙의 10가지 규칙은 다음과 같습니다: 1. 자신이 특별하다고 생각하지 마십시오. 2. 자신이 우리만큼 훌륭하다고 생각하지 마십시오. 3. 자신이 우리보다 똑똑하다고 생각하지 마십시오. 4. 자신이 우리보다 낫다고 생각하지 마십시오. 5. 자신이 우리보다 더 잘 안다고 생각하지 마십시오. 6. 자신이 우리보다 더 중요하다고 생각하지 마십시오. 7. 자신이 어떤 것에도 능숙하다고 생각하지 마십시오. 8. 우리를 비웃지 마십시오. 9. 누군가가 당신에게 관심을 갖는다고 생각하지 마십시오. 10. 자신이 우리에게 무언가를 가르칠 수 있다고 생각하지 마십시오. 소설 속 11번째 규칙은 ""어쩌면 당신은 우리가 당신에 대해 몇 가지를 모른다고 생각하는 걸까요?""입니다.",https://gemini.google.com/share/2ca969c32563,2025-11-07,1,
160,여섯 개의 뿌리가 내린 믿음의 나무,자기계발,초등 이상,"초등학생 고학년 이상의 독자를 대상으로, 믿음의 중요성과 진정성 있는 믿음 
전달의 6가지 핵심 요소를 심리학자의 조언과 아름다운 나무의 비유를 통해 설명하는 내용을 담고 있습니다.",https://gemini.google.com/share/2e3a5c085721,2025-11-07,1,
161,아무도 가르쳐 주지 않은 네 가지 뿌리 - 사선근,자기계발,청소년 이상,"아무도 가르쳐 주지 않은 네 가지 수행 단계인 사선근(四善根)을 주제로 한 
스토리북을 만들었습니다. 이 이야기는 사선근의 각 단계를 오르기 힘든 계단으로 묘사하며, 그 과정에서 겪는 고난과 최종적으로 얻게 되는 깨달음과 환희에 대한 내용을 담고 있습니다.",https://gemini.google.com/share/9b8d78843283,2025-11-07,1,
162,"미래 설계도, 나만의 나침반",자기계발,성인,"이야기책은 AI 시대에 직업의 위협을 기회로 삼아 자기계발 계획을 세우는 
과정을 다루고 있으며, SWOT 분석을 활용한 미래 설계 방안을 성인 독자 연령에 맞춰 스케치 풍으로 제작",https://gemini.google.com/share/d243b4d748b6,2025-11-16,1,
163,마음의 일곱 단계,자기계발,전연령,"마음 챙김에 대해 배우는 제자와 스승의 대화 훈련 방식을 담고 있으며, 독자의 
연령은 지정되지 않았습니다. 저는 이 이야기를 통해 독자들에게 마음의 7단계와 마음 챙김 훈련의 기초를 수채화 풍의 15페이지 그림책으로 전달",https://gemini.google.com/share/b6743ecd2617,2025-11-16,1,
164,더덜덜 기기의 역설,자기계발,청소년 이상,"새로운 AI 기기 '더덜덜'의 등장과 그로 인한 디지털 중독 문제를 해결하려는 
'더덜덜 운동'의 이야기를 담은 스토리북을 일반 독자(성인 혹은 청소년)를 대상으로 제작했습니다.더 나은 인간적인 삶을 위한 기술의 방향성에 대해 깊이 있게 다루는 이야기",https://gemini.google.com/share/433f89fc534f,2025-11-16,1,
165,"도: 물처럼 비어 있는 이야기 
(The Tao: A Story as Empty as Water)",자기계발,성인,"도를 설명하는 storybook을 만들어줘. 노자의 도덕경 1장에서 10장의 내용을 바탕으로, 도인이 물의 비유, 비움의 사용(32폭 공이공용), 그리고 되돌아감(복귀)에 대해 설명하는 내용이야. 하지만 내용이 너무 어렵다는 문제의식이 있어. 이 어려운 내용을 도사님과 천진난만한 7살 동자승의 대화체로 풀어서, 웹툰 스타일로 15페이지짜리 storybook",https://gemini.google.com/share/2d1ab7e52851,2025-11-16,0,
166,AI 시대의 T-세포,자기계발,청소년이상,"미래의 기본소득 제도가 조선시대의 잉여 선비 문제와 유사함을 경고하며, 
청소년들이 AI 시대에 능동적인 'T-세포'가 되어 가치 있는 일을 찾아 나서야 한다는 메시지",https://gemini.google.com/share/4b4499793737,2025-11-21,1,
167,목동의 지팡이와 리더 지팡이,자기계발,청소년 이상,"이 지팡이는 네가지 목적이 있다. 자신이 키우는 목장 울타리 안에 양들에게 보여
 주는 것으로 첫번째는 (안전판) 높이 들고만 있으면 상태가 편안 하다고 안전하다고 알려주는 것이고,  둘째는 (방향채) 방향을 제시하는 지팡이다. 저쪽으로  이쪽으로 그 지시자이다. 세째는 (회초리) 일체들의 무리에서 이탈하는 것에게는 잘못된 방향을 바로 알려주즞 회초리이다. 이쪽으로 무리들이 모인쪽으로 함께하고 이탈하지 말라고 휘두르는 것이다. 네째는 권위용으로 진실되게 모두를 잘 인도하는 지휘자이니 나를 따르라고 하는 표시 지팡이",https://gemini.google.com/share/ab41e66a69d4,2025-11-21,0,
168,주인공으로 살기,자기계발,청소년 이상,"서울대학교 종교학과 교수가 청소년들에게 '주인공으로 살기'의 비결, 즉 내면의 
영성(양심과 청정본심)의 힘을 발견하여 스스로 어려움을 극복하고 용기를 얻는다는 내용의 스토리북을 청소년 독자층",https://gemini.google.com/share/7f8d2158f591,2025-11-21,1,
169,뒤집어보면 보물이 보여요,자기계발,성인,뒤집어보면 재미있는 현상'이라는 주제로 어른들의 동심을 일깨우는 내용,https://gemini.google.com/share/e50a4cc81a51,2025-11-21,1,
170,회장님의 열다섯 가지 명심보감,자기계발,초등 이상,"국내 최고의 갑부가 임종 전에 자녀들에게 전한 15가지 부자 되는 명심보감과, 
그 가르침으로 회사가 세계적인 기업으로 성장했다는 교훈적인 내용을 담은 스토리북",https://gemini.google.com/share/bfef935a37eb,2025-11-21,1,
171,작은 일의 위대한 비밀 (The Great Secret of Small Thing,자기계발,성인,"세상의 아주 복잡하고 어려운 일도 반드시 극히 쉬운 일에서부터 비롯되고, 
세상에 아무리 큰일 일지라도 반드시 작은 일에서부터 시작된다",https://gemini.google.com/share/a6bea0fedd32,2025-11-21,1,
172,"하나의 삶, 지금 여기에",자기계발,전연령,"스토리북의 핵심 주제인 '우울함에서 벗어나 현재에 집중하는 방법'을 중심으로, 다음 내용을 간결하게 요약하여 다시 요청해 주시겠어요? 예를 들어, 
현재 집중의 중요성 
'몸과 마음이 따로 놀 때' 대처법 (마음이 아플 때 몸 살피기, 몸이 아플 때 마음 살피기) 
우울은 에너지 소진과 의욕 상실임을 인지하고, 감사할 일을 찾고, 재미를 추구하는 마음가짐 
'자신의 삶을 소중히 여기는 자세'가 중요함 
이와 같이 핵심적인 메시지를 추려주시면, 성인 독자를 위한 수채화풍",https://gemini.google.com/share/b4c662aed169,2025-11-21,0,
173,몰입의 비밀: 게으른 완벽주의를 이겨내는 방법,자기계발,전연령,"작심삼일 극복에 대한 뇌과학적 원리를 청소년과 뇌인지 과학자의 상담 형식으로 
담아낸 이 이야기는, 계획만 세우고 실천하지 못하는 이들을 위한 통찰과 실질적인 도움을 제공",https://gemini.google.com/share/702482a98ddd,2025-11-21,1,
174,찰떡 궁합을 찾아라(똑부-똑게-멍부-멍게),자기계발,성인,"직장 및 팀 환경에서 발생할 수 있는 상사와 부하의 16가지 성향 조합과 그로 인한 
갈등 및 이상적인 궁합을 대화체로 풀이",https://gemini.google.com/share/380a6ff4dd58,2025-11-29,1,
175,원효대사의 놀라운 사고 도구: 삼대와 육상설,자기계발,초등 이상,"원효대사의 '세 가지 크다란 분석 기법(三大)'과 '육상설'을 동양 철학자와 과학자의 
대화 형식으로 풀어낸 초등학생 수준의 이야기책",https://gemini.google.com/share/b48388c74abe,2025-11-29,1,
176,풍동 당동 심동: 움직이는 마음의 지혜,자기계발,초등 이상,"청소년 독자를 위해 현상과 본질을 꿰뚫어 보는 지혜를 담은 '풍동 당동 심동' 
이야기를 수채화 스타일로 15페이지에 걸쳐 완성했습니다. 즐거운 독서 시간이 되기를 바랍니다",https://gemini.google.com/share/ea031a47aff6,2025-11-29,1,
177,나와 선생님의 과학적 궁합 설명회,자기계발,대학원생,"선배 박사님의 경험을 바탕으로, 대학원 진학을 고민하는 대학생 및 예비 
대학원생들이 '나'와 '지도교수님'의 궁합을 과학적으로 파악하여 성공적인 연구 생활을 설계할 수 있도록 돕는 스토리북을 만들었습니다. 이 이야기가 후배들의 방황을 줄여줄 수 있기를 바랍니다.",https://gemini.google.com/share/908a8334993d,2025-12-20,1,
178,쌍둥이 도시의 설계자들: 보이지 않는 위험을 찾는 탐험,자기계발,대학원생,"빅데이터 분석가와 가상세계 설계자가 협력하여 디지털 트윈 기술로 미래의 
불확실성을 해결하고 사회 혁신을 이뤄내는 과정을 담은 12세 이상 청소년 대상의 스토리북을 제작했습니다. 미지의 세계를 탐험하듯 복잡한 문제를 분류하고 시뮬레이션을 통해 과학적인 해답을 찾아내는 여정을 담았습니다.",https://gemini.google.com/share/1b0bb40db3b2,2025-12-20,1,
179,물의 그릇 이름을 찾는 아리,우리말과 한자어 익힘,전연령,"(한자어) 한자를 익히고 물이 담기는 그릇에 대한 다양한 글꼴과 뉘앙스를
 어린이  서당에서 가르쳐 주는 내용",https://g.co/gemini/share/e28e936065f1,2025-08-17,1,
180,"산 고개, 우리 민족의 발자취",우리말과 한자어 익힘,전연령,"(한자어) 우리 민족이 삼국시대부터 산과 함께 살아온 '산의 민족'이며, 산을 넘는 
고개를 지칭하는 다양한 이름에 담긴 지혜와 교훈",https://g.co/gemini/share/8e68bafc8ca9,2025-08-17,1,
181,사라져가는 이름들의 속삭임,우리말과 한자어 익힘,전연령,"(우리말) 사라져가는 우리말 이름을 되찾기 운동을 해야 하는지에 대한 
의견을 모으는 발표회를 위한 이야기책을 성인 독자를 위해",https://g.co/gemini/share/3e40b08ad3ed,2025-08-17,1,
182,안다는 것의 여덟 단계,우리말과 한자어 익힘,,(한자어) '안다는 것'의 정도를 서당에서 배우고 실생활에 적용하는 과정,https://g.co/gemini/share/123840c9ad5d,2025-01-01,1,
183,"살다, 삶에 대하여",우리말과 한자어 익힘,,"우리말 '살다'의 깊은 뿌리와 그 파생어들을 탐구하는 내용의 스토리북을 언어와 
문화에 관심이 많은 성인 독자를 위해 만들었습니다. 이야기는 '살다'라는 동사에서 파생된 '삶', '살', '살림살이', 그리고 그 반대인 '죽임'까지를 아우르며, 우리의 삶 전체가 언어 속에 어떻게 응축되어 있는지를 사색적으로 풀어냅니다.",https://g.co/gemini/share/6ed6f5dfb909,2025-01-01,1,
184,무재칠보시: 가진 것 없이 베푸는 일곱 가지 보물(-주다),우리말과 한자어 익힘,전연령,"초등학생을 위한 이야기 '무재칠보시'를 만들었습니다. 이 이야기는 가진 것이 
없어도 베풀 수 있는 일곱 가지 보시에 대한 교훈을 동자승과 스승의 대화를 통해 담고 있음",https://gemini.google.com/share/7f54d411fcfd,2025-11-29,1,
185,"지읒과 시옷, 마음을 빚는 신비한 소리",우리말과 한자어 익힘,청소년 이상,"도사님과 제자들이 따스한 산사의 암자에 모여 우리말 'ㅈ'과 'ㅅ'에 담긴 신비한 
힘과 긍정적인 에너지의 원리를 배우는 이야기를 성인 및 청소년의 눈높이에 맞춰 수채화풍 스토리북으로 제작",https://gemini.google.com/share/0d4bb8e75405,2025-12-20,0,
186,이름의 지도: 소리와 문자가 그리는 운명,우리말과 한자어 익힘,청소년 이상,"청소년들이 이름 속에 숨겨진 오행의 원리와 수메르어의 역사적 변천사를 흥미롭게
 탐구할 수 있도록, 13~18세를 위한 스케치 풍의 대담 스토리북을 제작",https://gemini.google.com/share/628f4be59c02,2025-12-20,1,
187,이름의 지도: 영원히 남는 단어를 찾는 법,우리말과 한자어 익힘,청소년 이상,"언어학자가 과학자들에게 직관적이고 기억하기 쉬운 사물 명칭의 중요성을 일깨워
주는 토론 중심의 이야기를 담았으며, 12세 이상의 독자를 대상으로 작성",https://gemini.google.com/share/7ddfc845d80e,2025-12-20,0,
188,"생존의 핵심 열쇠, '수(數, 秀, 壽)'의 심오한 중요성",우리말과 한자어 익힘,청소년 이상,"수'의 의미와 중요성에 대한 학자와 청중 간의 대화체 스토리북을 작성했습니다. 
이 이야기는 언어학적 관점에서 '수'가 생존과 능력에 얼마나 깊이 연결되어 있는지를 탐구하며, 일반/청소년 독자를 대상",https://gemini.google.com/share/3eeef7b30fa7,2025-12-20,0,
189,화룡점정,속담편 (고사성어),,손주에게 '화룡점정'의 의미를 알려주는 이야기책,https://g.co/gemini/share/eb0a5e42718a,2025-01-01,1,
190,우물 밖 세상,속담편 (고사성어),,"(정저지와) 좁은 식견이 가져오는 폐단을 강조하고, 그릇된 견해를 벗어나 높은 
지혜를 얻어 우물에서 벗어나는 내용",https://g.co/gemini/share/e0bc16be5264,2025-01-01,1,
191,"염화미소와 이심전심의 의미
연꽃 미소의 비밀",속담편 (고사성어),,"이심전심과 염화미소에 대한 이야기를 만들었습니다. 이 이야기는 연꽃송이를 
들고 미소 짓는 가섭의 이야기와 함께, ""연꽃은 진흙 속에서 살지만 꽃이나 잎에는 진흙이 묻지 않듯이 불자 역시 세속의 추함에 물들지 말고 오직 선을 행하라""는 교훈",https://g.co/gemini/share/dedb01f97af3,2025-08-22,1,
192,항산항심_무항산무항심,속담편 (고사성어),,"맹자의 이야기를 바탕으로 '무항산무항심'의 유래를 담은 성인 독자용 이야기를 
동양화풍, 먹고사는 문제, 먹고사는연구소(먹사연)",https://g.co/gemini/share/a73bcd95a8d9,2025-08-22,1,
193,명경지수,속담편 (고사성어),,"명경지수와 같은 마음을 기르는 방법을 담은 이야기를 인력개발부서 신입직원 
교육용으로 만들었습니다. 이 이야기는 불교인과 인지행동치료사들에게 귀감이 될 것입니다.",https://g.co/gemini/share/eccc32c0ad32,2025-08-22,1,
194,"왕하필왈리
마음의 등대, 아라 시장 이야기",속담편 (고사성어),,"나라를 걱정하고 바르게 인도하는 지도자를 기르기 위한 이야기책
맹자의 ""하필왈리"" 이야기를 현대 사람들에게 전해주고, 현대 시대에도 공직자의 귀감이 되는 옛 선인들의 대화를 공무원연수원에 들려주는 이야기",https://g.co/gemini/share/a26352e133c6,2025-08-22,1,
195,비익연리(比翼連理)의 아름다운 전설,속담편 (고사성어),전연령,"사랑하는 마음의 소중함을 담은 '비익연리'에 관한 전설 이야기를 대화체로
 만들어 보았습니다. 이 이야기는 모든 연령의 독자들이 공감할 수 있는 교훈적인 내용으로 구성되었습니다. 첨부해 주신 그림은 스토리북 제작에 참고",https://gemini.google.com/share/cbc5f4806c30,2025-11-01,1,
196,호연지기- 하늘만큼 넓은 마음,속담편 (고사성어),,"호연지기(浩然之氣)'의 의미, 즉 공명정대한 도덕적 용기와 꾸준히 노력하는 
기개의 중요성을 다루고 있으며, 70세에 피아노를 시작하여 명성을 얻은 노인의 이야기를 통해 매일 조금씩 나아지는 기쁨을 강조하는 내용입니다. 이 이야기는 일반적인 아동 도서 독자를 대상으로 합니다.",https://gemini.google.com/share/8397dc959c5f,2025-11-01,0,
197,당랑규선-매미를 엿보는 사마귀의 경고 (The Warning of the Mantis Stalking the Cicada ),속담편 (고사성어),성인,"당락규선이라는 눈앞에 이익을 쫒는 사람에 대한 경종, 사마귀와 매미와 참새와 포수간에 일어나는 일로 비유, 눈앞의 욕심에만 눈이 어두워 덤비면 결국 큰 해를 입게 된다는 뜻. 눈앞의 이익(利益)에만 정신(精神)이 팔려 뒤에 닥친 위험(危險)을 깨닫지 못함",https://gemini.google.com/share/865717ea9c0a,2025-11-01,0,
198,수주대토 - 그루터기를 지킨 농부 만복,속담편 (고사성어),전연령,송나라 농부가 우연히 얻은 행운을 잊지 못하고 그루터기만 지키다가 마을의 웃음거리가 되는 '수주대토'의 교훈을 담은 이야기,https://gemini.google.com/share/741c8bb39ae9,2025-11-01,0,
199,우공이산: 느림의 끈기가 여는 길,속담편 (고사성어),성인,"어떤 일이든 우직하고 꾸준히 끝까지 노력하면 성공한다는 의미의 '우공이산'을 통해, 일확천금과 이기주의에 빠진 현대인들이 인내와 끈기의 가치를 되새길 수 있도록 합니다.",https://gemini.google.com/share/67113a1bed28,2025-11-01,1,
200,"역지사지 - 3초의 마법, 소라의 느린 걸음 ",속담편 (고사성어),성인,"수채화풍으로 역지사지의 마음 훈련을 담아내는 것으로 다시 만들어줘, 3초의 
마법 상대입장이면 어떻게 했을까 하는 것을 먼저 떠 올리고, 내가 곧바로 행동에 돌입하지 않고 천천히 부드럽게 다가가는 상황 훈련 극으로 만들어줘. 대상 연령은 성인이고, '역지사지 4주 훈련'의 핵심 내용('상대의 '왜'를 3초만 떠올리면, 내 행동은 자동으로 부드러워진다' 및 숙제, 남편 늦은 퇴근, 상사 날카로운 목소리, 식당 직원 서빙 지연, 다이어트 실패, 공격적 댓글 상황극 훈련 3단계)을 바탕으로 구성해줘",https://gemini.google.com/share/3bf0ec01fc8a,2025-11-07,1,
201,상선약수-물의 지혜,속담편 (고사성어),성인,20세 이상 독자를 대상으로 '상선약수'의 내용을 동자승과 스승의 대화로 쉽게 풀어낸 storybook을 웹툰 스타일로 만들었습니다.,https://gemini.google.com/share/07f22ba5cc1d,2025-11-07,1,
202,아전인수가 여전해!,속담편 (고사성어),,"아전인수(我田引水)는 원래 농업사회에서 물을 자신의 밭으로만 끌어들이려는 
이기적 행동에서 유래된 표현으로 ,타인의 피해나 공동체의 손해를 고려하지 않고 오로지 자신의 이익만을 챙기는 모습을 비유하는 말",https://gemini.google.com/share/05c009bb1eba,2025-11-16,0,
203,사필귀정,속담편 (고사성어),,"사필귀정(事必歸正)'의 교훈적인 의미를 담은 이야기책을 만들었습니다.
 이 이야기는 부당한 상황에서도 결국 정의와 진실이 승리한다는 교훈을 담고 있으며, 독자 연령은 일반적인 아동을 대상으로 했습니다.",https://gemini.google.com/share/7ad13251f370,2025-11-16,1,
204,인과응보 - 인연의 씨앗을 심는 곳,속담편 (고사성어),,"뿌린 대로 거둔다'는 인과응보의 원리를 대화 형식으로 풀어낸 스토리북을 
제작했습니다. 이 스토리북은 속담의 의미부터 과학적 원리, 그리고 마음과 감정 다스리기에 적용하는 방법까지 다루고 있으며, 교육용으로 활용",https://gemini.google.com/share/53f721912575,2025-11-21,1,
205,금강삼매경의 비밀스러운 길,속담편 (고사성어),청소년 이상,금강삼매경이 신라에 전해지기까지의 신비롭고 험난했던 여정,https://gemini.google.com/share/127143514380,2025-12-05,0,
206,새옹지마- 동시패션: 라오 펑의 지혜 (Simultaneous Fashion,속담편 (고사성어),청소년 이상,"새옹지마' 이야기를 '좋고 나쁘고 동시패션'이라는 현대적인 은유와 결합하여  
따뜻하고 교훈적인 분위기로 완성",https://gemini.google.com/share/0a8578593a68,2025-12-05,0,
207,금상첨화와 설상가상: 좋은 일에 더 좋은 일,속담편 (고사성어),청소년 이상,'금상첨화'와 '설상가상'이라는 두 가지 사자성어의 의미와 현대적 용례를 대화체로,https://gemini.google.com/share/a0e3c7496af4,2025-12-05,0,
208,붓으로 그려낸 부처님의 세계: 탱화의 비밀,자기계발,전연령 ,"사찰 미술 박사님이 탱화의 6가지 요건인 '신문시주처중'과 그 속에 담긴 화승의 
정성을 설명하며 관람객들에게 불교 미술의 진정한 가치를 전하는 이야기를 만들었습니다. 이 스토리북은 성인 및 청소년 독자를 대상으로 하며, 불교 탱화의 예술성과 종교적 의미를 깊이 있게 다룹",https://gemini.google.com/share/cd2ef5f6ef86,2026-01-02,1,
209,"신비로운 탱화 속 이야기: 지혜 박사님과 함께 떠나는 
사찰 미술 여행",자기계발,어린이 ,"지혜 박사님과 함께 '신문시주처중'이라는 여섯 가지 약속을 통해 탱화 속에 담긴 
부처님의 가르침과 소중한 우리 문화유산의 가치를 배우는 10~12세 어린이를 위한 이야기입니다. 상세히 제공해주신 구성안을 바탕으로 교육적이면서도 따뜻한 수채화 풍의 장면들을 담아 제작",https://gemini.google.com/share/c49a73b5c9d1,2026-02-20,1,
210,붓끝으로 전하는 진실의 기록: 탱화 탐정단,자기계발,초등학생 이상,"초등 고학년에서 중등 저학년(10~14세) 어린이와 청소년을 위해, 거대한 탱화 속에 
숨겨진 '진실의 기록'과 그 속에 담긴 6가지 비밀 열쇠를 찾아가는 흥미진진한 미술 탐정 이야기",https://gemini.google.com/share/ac917170732a,2026-01-11,1,
211,신문시주처중: 탱화 속 숨겨진 지혜를 찾아서!,자기계발,어린이 이상,"9세에서 16세 사이의 어린이와 청소년들이 혜안 박사님과 함께 탱화 속 
'신문시주처중'이라는 6가지 비밀을 찾아내며 불교 미술의 지혜를 배우는 이야기를 담았습니다.",https://gemini.google.com/share/265edf6db555,2026-01-11,1,
212,내 마음의 '정지' 버튼: 삼독을 넘어 평온의 시뮬레이션으로,자기계발,어린이 이상,"마음속의 욕심과 분노, 어리석음을 다스리고 '잠깐'의 멈춤을 통해 현명한 선택을 내려 
진정한 기쁨을 찾는 17~19세 청소년을 위한 마음 성장 이야기",https://gemini.google.com/share/0614167be350,2026-01-11,1,
213,비움으로 채우는 마음: 단 스승님의 가르침,자기계발,8세이상,"도덕경 12장의 가르침을 바탕으로 화려한 외부의 유혹에 휘둘리지 않고 내면의 근본을 
지키는 절제의 미덕을 담은 스토리북을 제작하였으며, 이 책의 권장 독자 연령은 8세 이상",https://gemini.google.com/share/b46356d979a4,2026-02-18,1,
214,"마음이 닿는 선, AI는 모르는 예술의 비밀",자기계발,대학생이상,"AI가 따라올 수 없는 인간만의 고유한 디자인 감각과 '통변조리균'의 원리를 전문가의 
시선으로 풀어낸 스토리북으로, 디자인을 공부하거나 현업에 종사하는 성인 독자들을 위해 제작되었습니다. 이 이야기는 요청하신 디자인 철학과 핵심 용어들을 충실히 반영","https://gemini.google.com/share/206a18af7e98
https://gemini.google.com/share/42d62e6fa3f8",2026-02-19,1,
215,AI 코딩 슬롯머신의 함정: 뇌공학적 경고와 거품의 붕괴,자기계발,대학생이상,"대학생과 연구원을 대상으로 AI 코딩이 뇌에 미치는 부정적인 영향과 인지 능력 저하를
 경고하는 15페이지 분량의 스토리북을 제작했습니다. AI 코딩을 실력을 갉아먹는 슬롯머신에 비유하며, 현재의 거품이 붕괴될 것임을 뇌공학적 근거와 함께 지브리 풍의 일러스트로 담아",https://gemini.google.com/share/bef03985ca2e,2026-03-09,1,
216,1비트의 연금술: 거대 언어 모델을 위한 이진 신경망 연구 방법론,자기계발,대학생이상,"거대 언어 모델(LLM)을 위한 이진 신경망 기술의 핵심 연구 방법론을 BitNet 시리즈와 
FBI-LLM 등의 사례를 통해 심도 있게 다룬 대학원생 대상의 스토리북을 제작하였습니다. 첨부하신 논문의 핵심 수식과 훈련 기법을 상세히 설명",https://gemini.google.com/share/526063825d47,2026-03-10,1,
217,2026 AI 조직 변화: 새로운 파도를 넘어서,자기계발,대학생이상,"2026년 AI 도입으로 인한 급격한 조직 변화와 미래 전망을 전문가와 일반인의 대화 
형식으로 풀어낸 전 연령층 대상의 스토리북입니다. 제공해주신 실태 조사 자료의 핵심 내용을 바탕으로 구성되었으나, 이야기의 흐름과 시각적 비유",https://gemini.google.com/share/af7662e83f57,2026-03-11,1,
218,"AI Co-scientist: 생성, 토론, 그리고 진화의 아키텍처",미래 대비 교육용,대학원생 이상,"Gemini 2.0 기반의 멀티 에이전트 시스템을 통해 인공지능이 어떻게 과학적 가설을 
생성하고 검증하는지, 그 핵심 연구 방법론을 대학원생 수준에 맞춰 깊이 있게 다룬 스토리북을 제작",https://gemini.google.com/share/6eeb53cf7c35,2026-02-02,1,
219,바이브텐서: AI 에이전트가 빚어낸 시스템의 선율,미래 대비 교육용,대학원생 이상,"AI 에이전트들이 스스로 딥러닝 시스템인 VibeTensor를 구축하며 겪는 기술적 여정과
 '프랑켄슈타인 효과'라는 흥미로운 한계점을 대학원생 수준에 맞춰 설명하는 스토리북을 제작",https://gemini.google.com/share/2d9d5c0ba169,2026-02-02,1,
220,대도무문 - 큰 길에는 문이 없단다 버전1,어린이 동화,어린이 대상,"대도무문'의 진정한 의미를 찾아 떠난 수행승이 목마름을 해결하는 과정을 통해, 깨달음은 결국 스스로의 노력으로 직접 얻어야 한다는 소중한 교훈",https://gemini.google.com/share/b6490a6518e4,2026-01-14,1,
221,대도무문 - 큰 길에는 문이 없단다 버전2,어린이 동화,어린이 대상,"대도무문'의 진정한 의미를 찾아 떠난 수행승이 목마름을 해결하는 과정을 통해, 깨달음은 결국 스스로의 노력으로 직접 얻어야 한다는 소중한 교훈",https://gemini.google.com/share/01055a1fc647,2026-01-14,1,
222,"마음의 눈이 그린 꽃, 할루시네이션",어린이 동화,초등 이상,"인공지능의 환각 현상과 부처님의 ‘공화’ 비유를 통해 실재와 허상의 차이를 배우고, 현대 사회에서 진실을 분별하는 지혜를 담은 이야기를 전 연령층(초등학생 이상)을 위해 작성",https://gemini.google.com/share/e4c37eb88789,2026-01-14,1,
223,"진흙에서 핀 보물, 연꽃 이야기",어린이 동화,어린이,"연꽃의 무한이 주는 힘, 생태의학자와 불교인이 만나 연꽃에 숨겨진 과학적 비밀과 불교적 지혜인 '3구나'를 탐구하며 그 가치를 발견해 나가는 10세 어린이를 위한 스토리북",https://gemini.google.com/share/9261553103cb,2026-01-17,1,
224,우리 뇌가 들려주는 일곱 가지 반의 비밀,어린이 동화,어린이,"리사 펠드먼 배럿의 뇌과학 이론을 바탕으로 청소년들이 이해하기 쉽게 뇌과학자와의 
간담회 형식으로 이야기를 구성했습니다. 제공해주신 상세한 내용을 토대로 뇌의 진정한 목적부터 미래 시대의 역량까지 수채화풍의 삽화와 함께 담아",https://gemini.google.com/share/6a1a547b47f3,2026-02-17,1,
225,"시간을 잊은 마음의 강물, 몰입",어린이 동화,어린이,초등학생 이상 전 연령을 대상으로 하는 이 스토리북은 주인공이 도전을 통해 몰입(Flow)의 즐거움을 깨닫고 진정한 행복을 찾아가는 과정을 흥미롭게 담고 있습니다. 칙센트미하이의 이론을 바탕으로 몰입을 위한 준비 단계와 성취의 기쁨을 체계적으로 구성하여 독자들이 스스로 몰입을 실천할 수 있도록,https://gemini.google.com/share/f526c5fb7a7e,2026-02-17,1,
226,마법의 발걸음: 과정 속에 숨어있는 보물,어린이 동화,어린이,초등학생(8~12세) 아이들이 일상의 작은 습관들을 통해 결과보다 과정의 소중함과 그 안에서 느끼는 행복을 배울 수 있도록 돕는 아빠의 따뜻한 이야기,https://gemini.google.com/share/b4dbebaf59a7,2026-02-18,1,
227,숲속 도장의 비밀: 침묵이 들려주는 노래,어린이 동화,어린이,"태권도 사범님과 두 제자 강수, 수빈이가 노자의 도덕경 23장 '희언 자연'의 
가르침을 통해 침묵의 지혜와 자연의 섭리를 배우는 10세 어린이 대상의 스토리북을 만들었습니다. 첨부해주신 이미지와 내용을 바탕으로 수채화 풍의 삽화와 함께 구성",https://gemini.google.com/share/b858f07b25b9,2026-02-20,1,
228,"말로는 다 할 수 없는 보물, '진짜 도' 이야기",어린이 동화,어린이,"이름표 수집가 루카가 현명한 거북이 노 할아버지와 함께 이름표 너머의 진짜 
진리인 '도'를 찾아 떠나는 7세 어린이들을 위한 동화책",https://gemini.google.com/share/a717c08b25f8,2026-02-21,1,
229,염일방일: 마음을 비우고 평온을 채우는 지혜,어린이 동화,어린이,"심리학자 스승이 제자들에게 '염일방일'의 지혜를 전하며 부정적인 생각에서 
벗어나는 한 달간의 체계적인 훈련 과정을 담은 성인 및 청소년 대상의 스토리북을 제작했습니다. 제공해주신 상세한 훈련법과 확언들이 이야기 속에 자연스럽게 녹아들도록 구성",https://gemini.google.com/share/47b4fc40d207,2026-03-07,1,
230,"반짝이는 마음, 끝없는 우주 - 정극광통달",어린이 동화,어린이,"마음의 정원을 가꾸는 소년 라온이 마음의 먼지를 닦아내어 온 우주를 비추는 
광명을 얻고 광활한 허공을 품게 되는 과정을 담은 9-16세 독자 대상의 스토리북을 제작했습니다. 어려운 철학적 문구의 의미를 아이들의 눈높이에 맞춘 3D 애니메이션 스타일의 이야기로 생생하게",https://gemini.google.com/share/91dd682b2bb2,2026-03-08,1,
231,"비밀의 정원, 십장생도 이야기",어린이 동화,어린이,"초등학생 이상의 독자를 대상으로 박물관 큐레이터가 십장생도 속 열 가지 
상징물의 의미를 하나하나 들려주며, 우리 모두가 건강하고 행복하게 오래도록 살아가길 바라는 따뜻한 염원을 수채화 풍의 이야기로 담아냈습니다. 15페이지에 걸쳐 펼쳐지는 십장생의 신비로운 세계를 즐겁게 감상",https://gemini.google.com/share/676c932b85f1,2026-03-09,1,
232,투시하는 상상력: 제미나이와 함께하는 아이소메트릭의 미래,어린이 동화,성인,"애니메이션 학과 학생들에게 보이지 않는 내부 구조까지 보여주는 혁신적인 
아이소메트릭 기술을 소개하며, 제미나이를 통해 정교한 아이폰 도면을 순식간에 시각화해 청중을 놀라게 하는 마법 같은 순간을 담았습니다. 이 스토리북의 타겟 독자 연령층은 대학생 및 성인",https://gemini.google.com/share/f4279dc88ce5,2026-03-09,1,
233,지혜의 전당: 공중에 떠다니는 책들의 비밀-유답答,어린이 동화,어린이 이상,"지혜의 전당'이라는 마법 도서관에서 인생의 해답을 찾아 헤매던 13세 소년 지호가 
결국 자신의 마음속에서 진정한 '유답(You答)'을 발견하게 되는 과정을 담은 10-15세용 스토리북을 제작",https://gemini.google.com/share/49bd4e874e26,2026-01-20,0,
234,"목마른 구도자, 스스로 길을 찾다",어린이 동화,어린이 이상,"젊은 수행승 혜안이 스승과의 대화를 통해 진정한 깨달음은 타인에게서 얻는 것이 아니라 스스로 찾아내고 경험해야 한다는 것을 깨닫는 과정을 담은, 10세 이상 전 연령대를 위한 철학적인 동화",https://gemini.google.com/share/e33658f66fd8,2026-01-20,0,
235,"진흙에서 핀 보물, 연꽃 이야기",어린이 동화,어린이,"연꽃의 무한이 주는 힘, 생태의학자와 불교인이 만나 연꽃에 숨겨진 과학적 비밀과 불교적 지혜인 '3구나'를 탐구하며 그 가치를 발견해 나가는 10세 어린이를 위한 스토리북",https://gemini.google.com/share/9261553103cb,2026-01-17,0,
236,우리 뇌가 들려주는 일곱 가지 반의 비밀,어린이 동화,어린이,"리사 펠드먼 배럿의 뇌과학 이론을 바탕으로 청소년들이 이해하기 쉽게 뇌과학자와의 
간담회 형식으로 이야기를 구성했습니다. 제공해주신 상세한 내용을 토대로 뇌의 진정한 목적부터 미래 시대의 역량까지 수채화풍의 삽화와 함께 담아",https://gemini.google.com/share/6a1a547b47f3,2026-02-17,0,
,,,,,,,,
,,,,,,,,
,,,,,,,,
,,,,,,,,
,,,,,,,,
,,,,,,,,
,,,,,,,,
,,,,,,,,
,,,,,,,,
,,,,,,,,
,,,,,,,,
,,,,,,,,
,,,,,,,,
,,,,,,,,